Text,Labels
iphone 16e,"iphone 16e,apple iphone 16e,apple,iphone 16 e,iphone se,16e,iphone 16e price,iphone 14,apple 16e,iphone se 4,apple launch,apple event 2025,iphone 16 pro max,apple iphone,apple iphone se 4,apple announcements,apple iphone se launch,apple event feb 19,apple iphone se 4 launch,macrumors,apple store,apple event time,smartphone,apple event today,iphone 16e release date,iphone 15 pro max"
lavar ball,"lavar ball,lavar ball foot,lavar ball leg"
congestion pricing,"congestion pricing,congestion pricing nyc,trump king,long live the king,trump long live the king,king trump,nyc congestion pricing,trump congestion pricing,white house,king"
américa - león,"américa - león,club américa vs león,america vs leon,liga mx,leon vs america,america vs,america,leon fc,américa vs. león,james rodriguez,leon vs,futbol mexicano,leon,dónde mirar club américa contra club león,america vs hoy,club américa vs club león"
sporting kc vs inter miami,"sporting kc vs inter miami,inter miami,sporting kc - inter miami,sporting kc,inter miami vs sporting kc,concacaf champions cup,lionel messi,messi,inter de miami,inter miami vs,inter miami schedule,inter miami cf,sporting kc vs inter miami lineups,miami fc,where to watch sporting kc vs inter miami,sporting"
arizona plane crash,"arizona plane crash,plane crashes arizona,arizona plane crashes,arizona plane crash today,airplane crash arizona,plane crash in arizona,planes collide arizona,plane crash today,plane crash arizona,marana airport crash,two planes collide arizona,marana airport,arizona,marana regional airport,marana plane crash,arizona plane crash 2025,az plane crash,tucson plane crash,arizona plane,lancair,two planes collide,marana,airplane,plane crash arizona today,plane collision arizona,arizona crash,plane crash az,plane collision,mid air collision,planes,plane crash arizona 2025"
real madrid - manchester city,"real madrid - manchester city,mbappe,kylian mbappé,real madrid vs. manchester city,real madrid – manchester city,real madrid vs manchester city,real madrid vs man city stats,man city vs madrid,manchester city vs real madrid,hat trick,ilkay gündoğan,real madrid man city,mancity"
hornets vs lakers,"hornets vs lakers,lakers vs hornets,where to watch lakers vs charlotte hornets,lakers hornets,lal vs cha,nba lakers"
aston villa vs liverpool,"aston villa vs liverpool,aston villa - liverpool,liverpool vs aston villa,aston villa,liverpool f.c.,aston villa vs liverpool f.c,liverpool vs,aston villa vs liverpool f.c. lineups,where to watch aston villa vs liverpool f.c.,premier league table,liverpool game,aston villa vs liverpool f.c.,mohamed salah,liverpool aston villa"
natalia grace,"natalia grace,ellen pompeo"
santos - cruz azul,"santos - cruz azul,santos laguna vs cruz azul,santos vs cruz azul,cruz azul vs santos"
lily phillips,"lily phillips,lily phillips pregnant"
to catch a killer,to catch a killer
doge dividend checks,"doge dividend checks,doge savings,$5000 doge check,doge checks,doge dividend check,tax refund,what is doge trump"
emma raducanu,"emma raducanu,emma,raducanu,tennis,dubai tennis championships,karolina muchova"
chris kluwe,chris kluwe
kevin patullo,"kevin patullo,parks frazier,nick"
ss united states,"ss united states,ss united states ship,uss united states"
detroit,"detroit,detroit frozen flood,detroit flooding,detroit flood,detroit flood frozen"
donald trump elon musk doge,donald trump elon musk doge
mike lange,mike lange
alabama basketball,"alabama basketball,missouri basketball,mizzou basketball,alabama vs missouri,caleb grill,alabama vs missouri basketball,alabama vs missouri basketball prediction"
irs refund schedule 2025,"irs refund schedule 2025,where's my refund,irs tax refund status,irs income tax refund schedule,where's my refund 2024,irs where's my refund,where my refund,my refund,check my refund,track my refund,irs tax refund,irs refund schedule,state refund status"
psv vs juventus,"psv vs juventus,psv - juventus,psv,juventus,juventus vs psv,juventus fc,timothy weah,psv eindhoven,juventus vs,psv vs. juventus,ivan perišić,psv juventus,psv vs,thiago motta,ivan perisic"
monica lewinsky,monica lewinsky
asap rocky court case,"asap rocky court case,asap rocky rihanna,rihanna husband"
vanderbilt vs kentucky,"vanderbilt vs kentucky,kentucky basketball,uk basketball,uk basketball schedule,amari williams,uk vs vandy basketball,ky basketball,kentucky vs vanderbilt prediction"
delbert hosemann,delbert hosemann
microsoft quantum computers,"microsoft quantum computers,microsoft quantum computing,msft,topological qubit"
motagua - cincinnati,"motagua - cincinnati,motagua vs cincinnati,fc cincinnati"
club america,"club america,america fc,where to watch club américa vs club león,club américa,james rodríguez"
chauncy glover,"chauncy glover,chauncy glover cause of death"
ralph yarl,"ralph yarl,andrew lester"
javonte green,javonte green
alan ritchson,alan ritchson
rebecca marodi,rebecca marodi
nc state vs unc,"nc state vs unc,unc basketball,nc state basketball,north carolina basketball,unc basketball schedule,unc,unc vs nc state,unc vs nc state basketball,ncsu basketball,nc state"
oscar de la hoya,oscar de la hoya
real madrid vs man city,"real madrid vs man city,madrid vs man city,haaland,erling haaland,haaland injury,man city vs"
auburn basketball,"auburn basketball,john calipari,arkansas vs auburn,arkansas vs auburn basketball,auburn vs arkansas basketball"
shiri ariel kfir,"shiri ariel kfir,shiri bibas,oded lifshitz,bibas family update"
mls,mls
the white house,"the white house,white house twitter,white house immigration"
is lebron playing tonight,is lebron playing tonight
blackpink world tour 2025,"blackpink world tour 2025,blackpink 2025 world tour dates,blackpink"
kristi noem,kristi noem
antigua gfc vs seattle sounders,"antigua gfc vs seattle sounders,seattle sounders,sounders,antigua gfc"
endeavor air,"endeavor air,wcco school closings,how many aviation accidents in 2024"
stacey abrams,stacey abrams
doge.gov,"doge.gov,doge.gov savings,it,daily beast"
mike pence,mike pence
charleston white,charleston white
tesla cybertruck,tesla cybertruck
daddy yankee,daddy yankee
psg vs brest,"psg vs brest,psg - stade brestois,psg"
nvidia stocks,nvidia stocks
denise richards,"denise richards,charlie sheen"
megan bayne,megan bayne
gonzaga basketball,"gonzaga basketball,wsu basketball,gonzaga"
champions league bracket,"champions league bracket,champions league draw"
george clooney,george clooney
trump zelensky,"trump zelensky,volodymyr zelenskyy,ukraine,on"
high potential episodes,high potential episodes
iowa basketball,"iowa basketball,iowa men's basketball,oregon vs iowa prediction"
bradley basketball,"bradley basketball,illinois state basketball"
lizzo,lizzo
graham nation accident,graham nation accident
mark henry,mark henry
florida state basketball,"florida state basketball,fsu basketball,miami basketball"
cruz azul,cruz azul
georgetown basketball,georgetown basketball
robin williams,robin williams
masked singer,"masked singer,masked singer season 13,the masked singer"
boise state basketball,"boise state basketball,new mexico basketball,new mexico vs boise state prediction"
nebraska vs penn state,"nebraska vs penn state,penn state basketball,nebraska basketball,nebraska vs penn state prediction,husker basketball"
birthright citizenship,birthright citizenship
ant anstead,"ant anstead,christina hall"
matthew lawrence,matthew lawrence
west virginia basketball,"west virginia basketball,cincinnati basketball,wvu basketball,uc basketball,cincinnati vs west virginia,cin vs wvu"
kansas city weather,"kansas city weather,ksdk,fox 2 news,modot roads,ksdk school closings,ksdk weather,kmov weather"
win or lose,win or lose
palantir stock,"palantir stock,palantir pentagon budget cuts,pltr stock price,pentagon,palantir stock price,pltr news,palantir news"
mackenzie scott,mackenzie scott
survivor,"survivor,russell hantz"
christopher rich,christopher rich
pltr,"pltr,pltr stock"
rekha gupta,"rekha gupta,delhi cm"
survivor 48,"survivor 48,when does survivor start"
real madrid,"real madrid,real madrid vs,madrid vs"
jb pritzker,"jb pritzker,pritzker"
south dakota state basketball,"south dakota state basketball,north dakota state basketball"
ryan reynolds kids,"ryan reynolds kids,isabela ferrer,jenny slate,blake lively lawsuit"
motagua,motagua
brian laundrie death,"brian laundrie death,what happened to brian laundrie,where was gabby petito found,roberta laundrie"
smu vs notre dame,"smu vs notre dame,smu basketball,smu vs notre dame prediction"
reacher season 3 release date,"reacher season 3 release date,jack reacher"
el nacional - barcelona sc,"el nacional - barcelona sc,el nacional vs barcelona sc"
thiago monteiro,"thiago monteiro,alexander zverev,shevchenko tennis"
singapore,singapore
minnesota vs purdue,minnesota vs purdue
hornets - lakers,hornets - lakers
ucf basketball,"ucf basketball,oklahoma state basketball"
uab basketball,uab basketball
arkansas state basketball,arkansas state basketball
the last of us season 2,"the last of us season 2,the last of us"
depaul basketball,"depaul basketball,depaul university"
justin sylvester,justin sylvester
dortmund vs sporting,"dortmund vs sporting,dortmund,sporting cp"
santos vs noroeste,santos vs noroeste
jessica simpson,jessica simpson
copa de campeones concacaf,copa de campeones concacaf
pi coin,"pi coin,pi coin value"
is trial by fire a true story,is trial by fire a true story
real madrid vs man city lineups,"real madrid vs man city lineups,where to watch real madrid vs man city,nico gonzalez,real vs man city,rma vs man city,real madrid vs city,madrid game,real madrid vs man city live"
joe rogan,joe rogan
2032 asteroid,"2032 asteroid,nasa asteroid hitting earth 2032,nasa asteroid hitting earth"
good cop bad cop,good cop bad cop
roger wicker,roger wicker
senate republicans,senate republicans
house of cards,"house of cards,guy pierce"
pak vs nz,"pak vs nz,new zealand vs pakistan,champions trophy 2025,nz vs pak,khushdil shah,new zealand national cricket team vs pakistan national cricket team match scorecard,icc champions trophy 2025,pakistan cricket,saud shakeel,salman ali agha,abrar ahmed,pakistan national cricket team vs new zealand national cricket team match scorecard,pak vs nz live,tom latham"
the pitt tv show,the pitt tv show
liga de campeones de la uefa,"liga de campeones de la uefa,madrid vs city,madrid,city vs madrid,madrid hoy,dani ceballos,dónde mirar real madrid contra manchester city,asencio"
bernie sanders,bernie sanders
auburn university,auburn university
rutgers vs washington prediction,rutgers vs washington prediction
wake county public schools,"wake county public schools,weather forecast school closings,school closings weather,wake county schools,weather charlotte nc,wake county school closing,cumberland county schools,buncombe county schools,cms school closing"
david attenborough,david attenborough
lara trump,lara trump
miami,"miami,fii institute,fii summit"
nico gonzález,"nico gonzález,tarjeta roja"
santos - esporte clube noroeste,santos - esporte clube noroeste
london bus,london bus
nick smith jr,nick smith jr
elijah wood,"elijah wood,stephen king"
murray state basketball,murray state basketball
chad baker mazara,chad baker mazara
mercer basketball,"mercer basketball,samford basketball"
arkansas,arkansas
gutfeld,"gutfeld,greg gutfeld"
savannah chrisley,savannah chrisley
summer house,summer house
alabama,"alabama,hanceville police department"
jeff dye,"jeff dye,sarah hyland"
justice league,justice league
1923 season 2,"1923 season 2,1923 season 2 release date"
carvana stock,"carvana stock,cvna stock,cvna,carvana earnings,cvna earnings"
nikola,"nikola,nikola stock,nkla stock"
lina khan,lina khan
paparazzo masked singer,"paparazzo masked singer,who is paparazzo on masked singer,ant masked singer,coral masked singer,masked singer ant,masked singer paparazzo"
school closures dfw,"school closures dfw,fort worth isd,fort worth weather,fwisd,dallas school closures,is school closed today,aisd closures,wfaa school closings,frisco isd school closure,fort worth isd school closure,austin school closures,dallas isd weather,fwisd school closing,austin isd school closures,aisd school closures,north texas school closings,school closures today,fort worth school closings,what schools are closed tomorrow in texas"
temple basketball,"temple basketball,temple vs charlotte,temple vs charlotte prediction"
john adams,john adams
the anglerfish,the anglerfish
drew carey,drew carey
vcu basketball,"vcu basketball,umass basketball"
rookie of the year,rookie of the year
la salle basketball,"la salle basketball,richmond basketball"
jenny mccarthy,jenny mccarthy
tudn,tudn
hims stock,hims stock
indiana state basketball,indiana state basketball
minnesota vs ucla,"minnesota vs ucla,ucla basketball,ucla vs minnesota,ucla,ucla vs minnesota basketball,dawson garcia,gopher basketball,kobe johnson,ucla vs minn,minn vs ucla basketball,minn vs ucla"
doug burgum,doug burgum
wcpss,wcpss
dylan raiola,dylan raiola
smci,"smci,smci stock,smci news"
jack quaid,jack quaid
bobby hull,bobby hull
james carville,"james carville,carville"
how many plane crashes in 2025,"how many plane crashes in 2025,why are there so many plane crashes,why are planes crashing"
holy cross basketball,holy cross basketball
james marsden,james marsden
megyn kelly,"megyn kelly,nick cannon"
amazon kindle books,"amazon kindle books,download amazon kindle books,amazon kindle books download"
herediano vs real salt lake,"herediano vs real salt lake,real salt lake,herediano - real salt lake"
tate mcrae tour,tate mcrae tour
army basketball,army basketball
dallas weather,"dallas weather,road conditions dallas,dallas road conditions,road conditions fort worth,dfw weather,txdot,dallas roads,dallas road conditions today,are the roads icy in dfw right now,fort worth road conditions"
pisces season,pisces season
lutnick,lutnick
corinthians,"corinthians,universidad central vs corinthians"
abdukodir khusanov,"abdukodir khusanov,khusanov"
borussia dortmund,"borussia dortmund,bvb"
egypt covington,egypt covington
psg vs,"psg vs,senny mayulu,brest fc"
the nation,the nation
ariane bellamar,ariane bellamar
omar marmoush,omar marmoush
british singer carpool karaoke,"british singer carpool karaoke,british singer whose ""carpool karaoke"" video has over 250 million views on youtube,floral symbol in buddhist art nyt,jokey suffix with best nyt crossword"
nasa astronauts,nasa astronauts
nyt connections hints february 19,nyt connections hints february 19
yalla shoot,"yalla shoot,يلا شوت,ريال مدريد"
grab stock,grab stock
cassie ventura,"cassie ventura,cassie,alex fine"
nyheim hines,nyheim hines
jude bellingham,"jude bellingham,real madrid game"
republic bank,republic bank
charlotte weather,"charlotte weather,wxii weather,greensboro weather,weather greensboro nc,weather raleigh nc,winston salem weather,asheville weather,charlotte nc weather,weather winston salem,wbtv,weather greenville sc,durham weather"
emma navarro,"emma navarro,belinda bencic"
mtg magic final fantasy,"mtg magic final fantasy,final fantasy jumbo cactuar mtg"
nyt strands hints,"nyt strands hints,strands hint,strands hints,pick your own prefix strands,strands hint today"
wofford basketball,"wofford basketball,vmi basketball"
is dr ripley leaving chicago med,is dr ripley leaving chicago med
nvidia rtx 5070 ti,nvidia rtx 5070 ti
cava stock,cava stock
raúl asencio,raúl asencio
idaho murders,"idaho murders,bryan kohberger"
school closing tomorrow,"school closing tomorrow,knox county schools,wbir,closings today,wbir weather,school closings feb 18 2025"
vinicius junior,vinicius junior
false killer whale,false killer whale
march madness,march madness
john roberts,john roberts
real madrid femenino,real madrid femenino
aryna sabalenka,"aryna sabalenka,sabalenka,clara tauson"
adolis garcia,adolis garcia
raul asencio,raul asencio
john stones,john stones
starmer,starmer
tost stock,"tost stock,toast stock"
bojan bogdanovic,bojan bogdanovic
northland college,northland college
marcus rashford,marcus rashford
winthrop basketball,winthrop basketball
iowa state women's basketball,iowa state women's basketball
kelly loeffler,kelly loeffler
wral weather,wral weather
lori chavez-deremer,lori chavez-deremer
marco asensio,marco asensio
patrick renna,patrick renna
savinho,savinho
matthew modine,matthew modine
memphis weather,"memphis weather,knoxville weather,tdot,nashville snow,nashville news,road conditions nashville,memphis road conditions,weather knoxville tn,weather nashville"
north korea,north korea
marvel rivals netease layoffs,marvel rivals netease layoffs
matteo berrettini,matteo berrettini
gyokeres,gyokeres
daisy ridley,daisy ridley
today wordle answer,"today wordle answer,wordle answer february 19,february 19 wordle answer"
chattanooga basketball,chattanooga basketball
khvicha kvaratskhelia,khvicha kvaratskhelia
fox 4 news,"fox 4 news,weather fort worth"
jacqueline bisset,jacqueline bisset
ryan flamingo,"ryan flamingo,luuk de jong"
denton isd,denton isd
moses brown,moses brown
prosper isd,prosper isd
raleigh weather,"raleigh weather,weather raleigh"
mirra andreeva,mirra andreeva
barcelona champions league,barcelona champions league
oklahoma road conditions,"oklahoma road conditions,road conditions"
grand blanc high school,grand blanc high school
jfk library closed boston,jfk library closed boston
school closures,school closures
mindy kaling children,"mindy kaling children,bj novak wife"
dfw road conditions,"dfw road conditions,road conditions dfw,dfw traffic"
doom,doom
fotmob,fotmob
axon stock,axon stock
paul simon tour,"paul simon tour,paul simon tour 2025"
angus cloud,angus cloud
weather richmond va,"weather richmond va,richmond va weather"
will packer,will packer
amazon river,amazon river
target dei,target dei
cricinfo,"cricinfo,espncricinfo"
tiger woods,"tiger woods,tiger woods embarrassing moment tgl"
sdsu basketball,"sdsu basketball,san diego state basketball,fresno vs sdsu basketball,sdsu vs fresno state basketball,fresno state vs san diego state prediction"
school closings in my area,school closings in my area
rivian,rivian
keller isd,keller isd
orlando weather,"orlando weather,tampa weather,weather orlando,weather tampa,sarasota weather"
méxico - selección femenina de fútbol de china taipéi,méxico - selección femenina de fútbol de china taipéi
50501 movement,50501 movement
pep guardiola,pep guardiola
ellie fallon,ellie fallon
william shatner,william shatner
kingda ka,kingda ka
mansfield isd,mansfield isd
kevin de bruyne,kevin de bruyne
qinwen zheng,"qinwen zheng,peyton stearns"
alycia parks,alycia parks
ku basketball,"ku basketball,bill self,byu vs kansas,byu basketball schedule,byu vs kansas basketball,richie saunders"
elon musk social security,"elon musk social security,social security fraud"
weather san antonio,"weather san antonio,san antonio weather,san antonio"
don bacon,don bacon
niantic pokemon go,"niantic pokemon go,pokemon go niantic"
ne zha,ne zha
trey smith,trey smith
zero day netflix,zero day netflix
kxan,"kxan,kvue"
path act 2025,path act 2025
missouri road conditions,missouri road conditions
fomc minutes,fomc minutes
road conditions st louis,"road conditions st louis,st louis road conditions"
james pearce jr,james pearce jr
taran killam,taran killam
edward jones,edward jones
fox 4 weather,fox 4 weather
viktor gyökeres,viktor gyökeres
kisd,kisd
joe budden,joe budden
paula badosa,paula badosa
wv school closings,"wv school closings,school closings wv"
fed minutes,fed minutes
cpac,cpac
chattanooga weather,chattanooga weather
louisville weather,"louisville weather,wkyt,weather louisville ky,lexington ky weather,road conditions louisville ky"
john means,john means
etsy stock,etsy stock
lisd,lisd
hochul,hochul
tegna,tegna
sturgill simpson,sturgill simpson
loretta lynn,loretta lynn
ercot,ercot
belize,belize
austin isd,austin isd
naya rivera,naya rivera
texas measles outbreak,"texas measles outbreak,measles symptoms"
fomc,fomc
killian hayes,killian hayes
lewisville isd,lewisville isd
joe manganiello,joe manganiello
futemax,futemax
josh padley,josh padley
bring her back,"bring her back,bring her back movie"
social security administration,social security administration
iga swiatek,iga swiatek
alice weidel,alice weidel
necaxa,"necaxa,atlas fc"
mariano navone,mariano navone
mn school closings,"mn school closings,minneapolis weather"
school closings st louis,school closings st louis
weather cincinnati,"weather cincinnati,wlky"
elissa slotkin,elissa slotkin
iga świątek,iga świątek
wsaz,wsaz
brendan rodgers,brendan rodgers
houston vs arizona state,"houston vs arizona state,houston basketball"
kmov,kmov
nashville road conditions,nashville road conditions
silksong,silksong
darren barnet,darren barnet
child care,child care
david frost,david frost
allison sweet grant,"allison sweet grant,i am the cage"
virginia tech vs boston college,virginia tech vs boston college
wsaz school closings,wsaz school closings
booger mcfarland,booger mcfarland
2016 olympics,2016 olympics
madrid fc,madrid fc
the wire,the wire
jessica pegula,"jessica pegula,dayana yastremska"
fox8 school closing,"fox8 school closing,keloland closeline"
charli d'amelio,charli d'amelio
gypsy rose,gypsy rose
ucl games,ucl games
dallas news,dallas news
maurice clarett,maurice clarett
won bin,won bin
miami weather,miami weather
zoe saldana,zoe saldana
ellen degeneres,ellen degeneres
trump approval rating today,trump approval rating today
wdrb,wdrb
cricket,cricket
canada vs china,canada vs china
colorado vs iowa state,colorado vs iowa state
jacksonville weather,jacksonville weather
citi field,citi field
fincen,fincen
luca nardi,luca nardi
lloyd kelly,lloyd kelly
as ever website,"as ever website,queen elizabeth"
fish,fish
jasmine paolini,jasmine paolini
elena rybakina,"elena rybakina,sofia kenin"
kxan weather,kxan weather
sambhaji maharaj,sambhaji maharaj
jeans,jeans
nike stock,nike stock
dakota johnson,dakota johnson
anet stock,anet stock
horry county schools,horry county schools
engagement rings,engagement rings
joey bosa,joey bosa
wlwt,wlwt
the americas tom hanks,the americas tom hanks
fakhar zaman,fakhar zaman
4 nations face-off,4 nations face-off
山东泰山,山东泰山
vladimir guerrero jr blue jays,vladimir guerrero jr blue jays
josé luis munuera montero,josé luis munuera montero
kate upton,kate upton
your friendly neighborhood spider-man,"your friendly neighborhood spider-man,friendly neighborhood spider man"
helly hansen,helly hansen
the day of the jackal,the day of the jackal
the weather,the weather
منوچهر والی زاده,منوچهر والی زاده
simply pop,simply pop
darwin nunez,darwin nunez
jack draper,jack draper
zach levi,zach levi
karen read trial,karen read trial
illini basketball,illini basketball
reid rasner,reid rasner
tallahassee weather,tallahassee weather
alex de minaur,alex de minaur
nj lottery,nj lottery
tibet,tibet
kurt russell,kurt russell
tennessee state basketball,tennessee state basketball
mls,mls
pamela brown,pamela brown
restaurant,restaurant
sebastian stan,sebastian stan
loans,loans
brigitte macron,brigitte macron
hunter dickinson,hunter dickinson
bay news 9,bay news 9
nec,nec
lewis hamilton,lewis hamilton
lubbock weather,lubbock weather
sorana cîrstea,sorana cîrstea
edd,edd
burt reynolds,burt reynolds
tyshawn jones,tyshawn jones
neil patrick harris,neil patrick harris
wcpo,wcpo
wkbn school closings,wkbn school closings
austin news,austin news
colorado,colorado
hawaii news now,hawaii news now
unitary executive theory,unitary executive theory
401k,401k
wsaz closings,wsaz closings
sofia vergara,sofia vergara
oncor,oncor
lck,lck
current mortgage rates,current mortgage rates
car accident lawyer,car accident lawyer
channel 5 news,channel 5 news
euphoria season 3,euphoria season 3
wkyc school closings,wkyc school closings
live cricket,live cricket
zachery levi,zachery levi
kristen stewart,kristen stewart
amber heard,amber heard
diabetes symptoms,diabetes symptoms
kare 11,kare 11
kmov school closings,kmov school closings
2032 asteroid,2032 asteroid
pablo escobar,pablo escobar
yankees news,yankees news
trevor bauer,trevor bauer
huntsville weather,huntsville weather
equinox,equinox
bali,bali
belton isd,belton isd
bivol vs beterbiev 2,bivol vs beterbiev 2
3,3
johnny depp,johnny depp
larry bird,larry bird
vandenberg launch,vandenberg launch
spain,spain
wapo,wapo
call of duty,call of duty
avatar 2,avatar 2
camila cabello,camila cabello
